{
    "admin_usernames": [
        "x11k",
        "x11q",
        "star___captain__",
        "lisa_blink1848",
        "4n.x",
        "78.356",
        "_xx_kx_",
        "parsa_007_",
        "lex.5"
    ],
    "vip_usernames": [
        ""
    ],
    "banned_users": [],
    "teleport_locations": {
        "vip": {
            "x": 13.79522705078125,
            "y": 7.25,
            "z": 5.61492919921875
        },
        "vip1": {
            "x": 14.5,
            "y": 16.75,
            "z": 5.5
        },
        "dj": {
            "x": 9.5,
            "y": 10.75,
            "z": 10.5
        },
        "k1": {
            "x": 15.507514953613281,
            "y": 12.25,
            "z": 27.505165100097656
        },
        "k2": {
            "x": 13.343608856201172,
            "y": 12.25,
            "z": 27.554027557373047
        },
        "k3": {
            "x": 13.343608856201172,
            "y": 12.25,
            "z": 27.554027557373047
        },
        "2": {
            "x": 13.343608856201172,
            "y": 12.25,
            "z": 27.554027557373047
        }
    },
    "language": "fa",
    "welcome_message": "@{username} welcome Find a spouse 🥹🔥 dance 1 ta 261",
    "announcement_interval": 100,
    "announcement_message": "welcome to Find a Spouse 💕🥹🍼 to 1 ta 261🍼🥺❤️!"
}